CATE,Train,Test
factual,0.0,0.0
counterfactual,7.828012190955514,7.546791300069261
