RMSE,Train,Test
factual,1.850341083081373,5.252981255566881
counterfactual,5.32124020297794,5.127135736546199
