RMSE,Train,Test
factual,0.0,0.0
counterfactual,6.153319209182395,7.1770866636286135
