AUPRC,Train,Test
factual,0.6052211488637205,0.6351131439576312
counterfactual,0.5828953525360301,0.5871783080689892
