CATE,Train,Test
factual,0.0,0.0
counterfactual,8.394390533756736,7.925239545570942
