CATE,Train,Test
factual,0.0,0.0
counterfactual,0.6890475658529055,0.6468683868600418
