CATE,Train,Test
factual,0.0,0.0
counterfactual,24.638401751127844,23.3577502784992
